,Unnamed: 0,Lemma,Roots
0,8015,год,['год']
1,49992,человек,['человек']
2,5955,время,['врем']
3,9304,дело,['дел']
4,11456,жизнь,['жи']
5,9392,день,['день']
6,39785,рука,['рук']
7,37505,раз,['раз']
8,37358,работа,['работ']
9,42086,слово,['слов']
10,20669,место,['мест']
11,19293,лицо,['лиц']
12,10701,друг,['друг']
13,7824,глаз,['глаз']
14,5558,вопрос,['вопрос']
15,10282,дом,['дом']
16,44072,сторона,['сторон']
17,44114,страна,['стран']
18,21031,мир,['мир']
19,42151,случай,['случ']
20,8055,голова,['голов']
21,38934,ребенок,['реб']
22,41354,сила,['сил']
23,17093,конец,['конец']
24,4600,вид,['вид']
25,41512,система,['систем']
26,49940,часть,['часть']
27,8258,город,['город']
28,28287,отношение,['нош']
29,11347,женщина,['жен']
30,9394,деньги,['деньг']
31,13518,земля,['земл']
32,20331,машина,['машин']
33,5106,вода,['вод']
34,28056,отец,['отец']
35,35730,проблема,['проблем']
36,49915,час,['час']
37,34132,право,['прав']
38,25281,нога,['ног']
39,39386,решение,['реш']
40,9010,дверь,['дверь']
41,26061,образ,['образ']
42,15173,история,['истори']
43,4911,власть,['власт']
44,12242,закон,['закон']
45,5388,война,['войн']
46,2881,бог,['бог']
47,8088,голос,['голос']
48,46620,тысяча,['тысяч']
49,16495,книга,['книг']
50,5320,возможность,['мож']
51,39114,результат,['результат']
52,25392,ночь,['ночь']
53,44005,стол,['стол']
54,14486,имя,['им']
55,25748,область,['облас']
56,43802,статья,['стать']
57,50280,число,['числ']
58,16961,компания,['компани']
59,22871,народ,['народ']
60,11328,жена,['жен']
61,8710,группа,['групп']
62,37619,развитие,['ви']
63,36814,процесс,['процесс']
64,44416,суд,['суд']
65,47796,условие,['услов']
66,43582,средство,['сред']
67,23265,начало,['ча']
68,40592,свет,['свет']
69,33243,пора,['пор']
70,37187,путь,['путь']
71,10847,душа,['душ']
72,47714,уровень,['ров']
73,48723,форма,['форм']
74,40765,связь,['вязь']
75,21022,минута,['минут']
76,47323,улица,['улиц']
77,4351,вечер,['вечер']
78,15962,качество,['качеств']
79,21946,мысль,['мысль']
80,10426,дорога,['дорог']
81,20297,мать,['мать']
82,9233,действие,['дей']
83,20681,месяц,['месяц']
84,8390,государство,['государ']
85,52007,язык,['язык']
86,19631,любовь,['люб']
87,4482,взгляд,['гляд']
88,19952,мама,['мам']
89,4074,век,['век']
90,50857,школа,['школ']
91,49680,цель,['цель']
92,26317,общество,['общ']
93,9596,деятельность,['де']
94,27408,организация,['орган']
95,34499,президент,['президент']
96,16946,комната,['комнат']
97,33402,порядок,['порядок']
98,21458,момент,['момент']
99,45133,театр,['театр']
100,30630,письмо,"['пись', 'м']"
101,48057,утро,['утр']
102,32974,помощь,['мощь']
103,41532,ситуация,['ситуаци']
104,39627,роль,['роль']
105,39761,рубль,['рубль']
106,42361,смысл,['мысл']
107,43038,состояние,['состоя']
108,16012,квартира,['квартир']
109,27397,орган,['орган']
110,5025,внимание,['вним']
111,45238,тело,['тел']
112,46371,труд,['труд']
113,44790,сын,['сын']
114,20605,мера,['мер']
115,42241,смерть,['смерть']
116,39934,рынок,['рын']
117,35880,программа,['программ']
118,11965,задача,['да']
119,34400,предприятие,['прия']
120,26863,окно,['окн']
121,37693,разговор,['говор']
122,34123,правительство,['прав']
123,41097,семья,['семь']
124,36097,производство,['производ']
125,14836,информация,['информ']
126,32653,положение,['полож']
127,49705,центр,['центр']
128,27928,ответ,['ответ']
129,21762,муж,['муж']
130,207,автор,['автор']
131,43861,стена,['стен']
132,14731,интерес,['интерес']
133,48365,федерация,['федер']
134,34117,правило,['прав']
135,47627,управление,['правл']
136,21780,мужчина,['муж']
137,13915,идея,['иде']
138,29266,партия,['парти']
139,42556,совет,['совет']
140,44736,счет,['чет']
141,41181,сердце,['сердц']
142,9018,движение,['движ']
143,4382,вещь,['вещь']
144,20243,материал,['матери']
145,50402,чувство,['чу']
146,23585,неделя,['недел']
147,7788,глава,['глав']
148,23168,наука,['ук']
149,39984,ряд,['ряд']
150,7249,газета,['газет']
151,35651,причина,['причин']
152,30871,плечо,['плеч']
153,49687,цена,['цен']
154,30713,план,['план']
155,39382,речь,['речь']
156,45946,точка,['точк']
157,27689,основа,['основ']
158,45660,товарищ,['товарищ']
159,18374,культура,['культур']
160,8943,данные,['да']
161,21157,мнение,['мнени']
162,10209,документ,['документ']
163,49293,ход,['ход']
164,14671,институт,['институт']
165,36011,проект,['проект']
166,6167,встреча,['встреч']
167,9809,директор,['дирек']
168,43599,срок,['срок']
169,29016,палец,['пал']
170,27368,опыт,['опыт']
171,42133,служба,['служ']
172,44453,судьба,['судьб']
173,9161,девушка,['дев']
174,28865,очередь,['очередь']
175,18951,лес,['лес']
176,43027,состав,['состав']
177,50325,член,['член']
178,16719,количество,['колич']
179,42530,событие,['бы']
180,26347,объект,['объект']
181,12333,зал,['зал']
182,42683,создание,['созда']
183,13674,значение,['знач']
184,30263,период,['период']
185,50493,шаг,['шаг']
186,3222,брат,['брат']
187,14985,искусство,['искусств']
188,44269,структура,['структур']
189,35175,пример,['пример']
190,25305,номер,['номер']
191,15094,исследование,['исследова']
192,8442,гражданин,['гражд']
193,13864,игра,['игр']
194,23266,начальник,['началь']
195,39691,рост,['рост']
196,45254,тема,['тем']
197,35257,принцип,['принцип']
198,20748,метод,['метод']
199,45556,тип,['тип']
200,48549,фильм,['фильм']
201,17780,край,['край']
202,8382,гость,['гость']
203,5281,воздух,['воздух']
204,49047,характер,['характер']
205,3145,борьба,['борь']
206,15050,использование,['польз']
207,37900,размер,['мер']
208,26067,образование,['образова']
209,19936,мальчик,['маль']
210,18076,кровь,['кровь']
211,38187,район,['район']
212,23366,небо,['неб']
213,1155,армия,['арми']
214,16316,класс,['класс']
215,34430,представитель,['став']
216,48121,участие,['участ']
217,9155,девочка,['дев']
218,32541,политика,['полит']
219,7623,герой,['герой']
220,15794,картина,['картин']
221,10271,доллар,['доллар']
222,43325,спина,['спин']
223,45432,территория,['территори']
224,32428,пол,['пол']
225,32452,поле,['пол']
226,14158,изменение,['мен']
227,45521,течение,['теч']
228,22762,направление,['направл']
229,39451,рисунок,['рис']
230,49758,церковь,['церковь']
231,1640,банк,['банк']
232,44710,сцена,['сцен']
233,22938,население,['сел']
234,3062,большинство,['больш']
235,21788,музыка,['музык']
236,34105,правда,['правд']
237,40701,свобода,['свобод']
238,29054,память,['память']
239,16842,команда,['команд']
240,43177,союз,['союз']
241,5927,врач,['врач']
242,10107,договор,['говор']
243,9435,дерево,['дерев']
244,48244,факт,['факт']
245,49317,хозяин,['хоз']
246,35383,природа,['природ']
247,46948,угол,['угол']
248,45222,телефон,"['теле', 'фон']"
249,32215,позиция,['позици']
250,9039,двор,['двор']
251,30605,писатель,['пис']
252,40172,самолет,"['сам', 'лет']"
253,26357,объем,['объем']
254,39520,род,['род']
255,42783,солнце,['солнц']
256,4163,вера,['вер']
257,43240,спектакль,['спектакль']
258,2243,берег,['берег']
259,48591,фирма,['фирм']
260,43450,способ,['способ']
261,11768,завод,['завод']
262,49603,цвет,['цвет']
263,39792,руководитель,['руковод']
264,11543,журнал,['журнал']
265,43278,специалист,['специал']
266,28836,оценка,['цен']
267,38994,регион,['регион']
268,30357,песня,['пе']
269,36812,процент,['процент']
270,39529,родитель,['род']
271,21565,море,['мор']
272,46110,требование,['требова']
273,27690,основание,['основ']
274,32637,половина,['половин']
275,39630,роман,['роман']
276,18122,круг,['круг']
277,43966,стихи,['стих']
278,741,анализ,['анализ']
279,192,автомобиль,"['авто', 'мобиль']"
280,51340,экономика,['эконом']
281,19221,литература,['литерат']
282,3533,бумага,['бумаг']
283,34076,поэт,['поэт']
284,43884,степень,['степень']
285,8350,господин,['господин']
286,22259,надежда,['надежд']
287,34324,предмет,['предмет']
288,20993,министр,['министр']
289,3844,вариант,['вари']
290,8482,граница,['границ']
291,10833,дух,['дух']
292,21298,модель,['модель']
293,27140,операция,['опер']
294,42832,сон,['сон']
295,29124,пара,['пар']
296,22391,название,['зв']
297,47364,ум,['ум']
298,31145,повод,['вод']
299,43718,старик,['стар']
300,20914,миллион,['миллион']
301,47846,успех,['успех']
302,44733,счастье,['счасть']
303,38941,ребята,['реб']
304,15300,кабинет,['кабинет']
305,36570,пространство,['стран']
306,19717,магазин,['магазин']
307,7083,выход,['ход']
308,47014,удар,['удар']
309,1510,база,['баз']
310,13664,знание,['зна']
311,45151,текст,['текст']
312,13366,защита,['защит']
313,39796,руководство,['руковод']
314,42699,сознание,['созна']
315,30935,площадь,['площадь']
316,5363,возраст,['раст']
317,48127,участник,['участ']
318,48129,участок,['участок']
319,37101,пункт,['пункт']
320,19164,линия,['лини']
321,11274,желание,['жела']
322,29101,папа,['пап']
323,10202,доктор,['доктор']
324,8748,губа,['губ']
325,10570,дочь,['дочь']
326,43551,среда,['сред']
327,34412,председатель,['председатель']
328,49536,художник,['худож']
329,34438,представление,['представл']
330,42754,солдат,['солдат']
331,5453,волос,['волос']
332,27506,оружие,['оружи']
333,42868,соответствие,['соответств']
334,4321,ветер,['ветер']
335,29180,парень,['парень']
336,13755,зрение,['зр']
337,7484,генерал,['генерал']
338,26503,огонь,['огонь']
339,44232,строительство,['стро']
340,33074,понятие,['поня']
341,48105,ухо,['ух']
342,8679,грудь,['грудь']
343,25353,нос,['нос']
344,44149,страх,['страх']
345,47809,услуга,['слуг']
346,42641,содержание,['содерж']
347,37492,радость,['рад']
348,2070,безопасность,['опас']
349,35983,продукт,['продукт']
350,16978,комплекс,['комплекс']
351,2545,бизнес,['бизнес']
352,40023,сад,['сад']
353,43079,сотрудник,['труд']
354,19031,лето,['лет']
355,18475,курс,['курс']
356,34321,предложение,['предлож']
357,39705,рот,['рот']
358,45514,технология,"['техн', 'лог']"
359,39347,реформа,['реформ']
360,28575,отсутствие,['сутств']
361,42471,собака,['собак']
362,15506,камень,['камень']
363,3461,будущее,['буд']
364,38560,рассказ,['сказ']
365,17264,контроль,['контроль']
366,39147,река,['рек']
367,35989,продукция,['продукц']
368,44512,сумма,['сумм']
369,45499,техника,['техн']
370,13450,здание,['здани']
371,44660,сфера,['сфер']
372,24125,необходимость,['необходим']
373,48704,фонд,['фонд']
374,31448,подготовка,['готов']
375,19199,лист,['лист']
376,39298,республика,['республик']
377,49325,хозяйство,['хозяй']
378,5509,воля,['вол']
379,3691,бюджет,['бюджет']
380,42401,снег,['снег']
381,9434,деревня,['деревн']
382,21772,мужик,['муж']
383,51545,элемент,['элемент']
384,26179,обстоятельство,['обстоятельств']
385,24024,немец,['нем']
386,30988,победа,['побед']
387,15177,источник,['источник']
388,13391,звезда,['звезд']
389,6330,выбор,['бор']
390,20185,масса,['масс']
391,15240,итог,['итог']
392,41257,сестра,['сестр']
393,34205,практика,['практ']
394,35772,проведение,['вед']
395,15765,карман,['карман']
396,41939,слава,['слав']
397,18537,кухня,['кухн']
398,27272,определение,['определ']
399,48934,функция,['функци']
400,5391,войско,['войск']
401,35168,применение,['примен']
402,16904,комиссия,['комисси']
403,15624,капитан,['капитан']
404,37363,работник,['работ']
405,25621,обеспечение,['обеспеч']
406,28751,офицер,['офицер']
407,48274,фамилия,['фамили']
408,34309,предел,['дел']
409,6337,выборы,['бор']
410,48151,ученый,['уч']
411,3608,бутылка,['бутыл']
412,2974,бой,['бой']
413,45334,теория,['теори']
414,13722,зона,['зон']
415,28019,отдел,['дел']
416,13770,зуб,['зуб']
417,38067,разработка,['работ']
418,19301,личность,['лич']
419,45659,товар,['товар']
420,8170,гора,['гор']
421,20761,метр,['метр']
422,34188,праздник,['праздник']
423,4932,влияние,['влия']
424,50309,читатель,['чит']
425,47092,удовольствие,['удовольств']
426,465,актер,['актер']
427,42008,слеза,['слез']
428,48161,учитель,['уч']
429,27934,ответственность,['вет']
430,462,акт,['акт']
431,3039,боль,['боль']
432,21263,множество,['множ']
433,27706,особенность,['особ']
434,32271,показатель,['показ']
435,17427,корабль,['корабль']
436,13433,звук,['звук']
437,5816,впечатление,['впечатл']
438,49931,частность,['частн']
439,9557,детство,['дет']
440,36755,профессор,['професс']
441,6380,вывод,['вод']
442,10281,доля,['дол']
443,25332,норма,['норм']
444,36862,прошлое,['ш']
445,16844,командир,['командир']
446,17458,коридор,['коридор']
447,31477,поддержка,['держ']
448,38219,рамка,['рам']
449,5893,враг,['враг']
450,51792,этап,['этап']
451,50135,черт,['черт']
452,9193,дед,['дед']
453,42513,собрание,['бр']
454,34977,прием,['прием']
455,3015,болезнь,['бол']
456,16372,клетка,['клет']
457,16606,кожа,['кож']
458,13381,заявление,['явл']
459,43522,сравнение,['сравн']
460,33238,попытка,['пыт']
461,38794,расчет,['чет']
462,9416,депутат,['депутат']
463,16907,комитет,['комитет']
464,13640,знак,['знак']
465,10945,дядя,['дяд']
466,48154,учет,['чет']
467,49210,хлеб,['хлеб']
468,49886,чай,['чай']
469,39058,режим,['реж']
470,49671,целое,['цел']
471,4748,вирус,['вирус']
472,6814,выражение,['выраж']
473,13558,зима,['зим']
474,13461,здоровье,['здоровь']
475,9511,десяток,['десят']
476,7881,глубина,['глуб']
477,41276,сеть,['сеть']
478,44298,студент,['студент']
479,40994,секунда,['секунд']
480,41783,скорость,['скор']
481,32247,поиск,['иск']
482,44597,суть,['суть']
483,22586,налог,['налог']
484,28910,ошибка,['шиб']
485,10551,доход,['ход']
486,39060,режиссер,['режисс']
487,31098,поверхность,['верх']
488,28934,ощущение,['ощущ']
489,15785,карта,['карт']
490,43704,станция,['станци']
491,16450,клуб,['клуб']
492,38984,революция,['революци']
493,16700,колено,['колен']
494,43834,стекло,['стекл']
495,20991,министерство,['министер']
496,51783,этаж,['этаж']
497,6965,высота,['выс']
498,1491,бабушка,['баб']
499,46363,трубка,['труб']
500,7246,газ,['газ']
501,20207,мастер,['мастер']
502,31071,поведение,['вед']
503,44017,столица,['стол']
504,20785,механизм,['механ']
505,29744,передача,['да']
506,43451,способность,['способн']
507,32042,подход,['ход']
508,51629,энергия,['энерг']
509,44649,существование,['существова']
510,15037,исполнение,['полн']
511,42667,сожаление,['сожал']
512,16144,кино,['кин']
513,12454,заместитель,['мест']
514,39320,ресурс,['ресурс']
515,514,акция,['акци']
516,39562,рождение,['рожд']
517,331,администрация,['администр']
518,43988,стоимость,['сто']
519,47345,улыбка,['улыб']
520,1189,артист,['артист']
521,42980,сосед,['сосед']
522,48828,фраза,['фраз']
523,48459,фигура,['фигур']
524,44395,субъект,['субъект']
525,43348,список,['пис']
526,38907,реакция,['реак']
527,48798,фотография,"['фото', 'граф']"
528,19780,май,['май']
529,11544,журналист,['журнал']
530,22908,нарушение,['руш']
531,45730,толпа,['толп']
532,12917,заседание,['заседа']
533,44648,существо,['существ']
534,3041,больница,['боль']
535,40731,свойство,['свой']
536,32345,поколение,['кол']
537,10231,долг,['долг']
538,44676,схема,['схем']
539,47777,усилие,['сил']
540,11416,животное,['живот']
541,28197,отличие,['лич']
542,27792,остров,['остров']
543,36646,противник,['против']
544,5423,волна,['волн']
545,44115,страница,['страниц']
546,38909,реализация,['реал']
547,48739,формирование,['форм']
548,11492,житель,['жи']
549,17860,красота,['крас']
550,37019,птица,['пт']
551,38673,растение,['раст']
552,51970,явление,['явл']
553,45321,тень,['тень']
554,49437,храм,['храм']
555,12646,запах,['пах']
556,22578,наличие,['налич']
557,5120,водка,['вод']
558,47139,ужас,['ужас']
559,26568,одежда,['дежд']
560,17947,кресло,['кресл']
561,3046,больной,['боль']
562,32103,поезд,['езд']
563,47492,университет,['университет']
564,46001,традиция,['традици']
565,9245,декабрь,['декабрь']
566,18615,ладонь,['ладонь']
567,340,адрес,['адрес']
568,40501,сведение,['вед']
569,49618,цветок,['цвет']
570,26962,октябрь,['октябрь']
571,19097,лидер,['лидер']
572,41126,сентябрь,['сентябрь']
573,12586,занятие,['заня']
574,52060,январь,['январь']
575,32925,помещение,['мещ']
576,13759,зритель,['зр']
577,39036,редакция,['редакц']
578,43942,стиль,['стиль']
579,4291,весна,['весн']
580,48249,фактор,['фактор']
581,84,август,['август']
582,14009,известие,['вест']
583,11746,зависимость,['завис']
584,28813,охрана,['хран']
585,26021,оборудование,['оборудова']
586,28022,отделение,['дел']
587,17344,концерт,['концерт']
588,38763,расход,['ход']
589,20903,милиция,['милици']
590,6981,выставка,['став']
591,30230,переход,['ход']
592,51705,эпоха,['эпох']
593,42526,собственность,['собственн']
594,44912,тайна,['тайн']
595,39525,родина,['род']
596,36084,произведение,['произвед']
597,12608,запад,['запад']
598,45963,трава,['трав']
599,18598,лагерь,['лагерь']
600,18049,кровать,['кровать']
601,14482,имущество,['имуществ']
602,1026,аппарат,['аппарат']
603,41196,середина,['серед']
604,20129,март,['март']
605,16386,клиент,['клиент']
606,48892,фронт,['фронт']
607,8927,дама,['дам']
608,28421,отрасль,['расль']
609,44317,стул,['стул']
610,2293,беседа,['бесед']
611,35923,продажа,"['прода', 'ж']"
612,12250,законодательство,"['закон', 'да']"
613,31207,повышение,['выш']
614,21783,музей,['музей']
615,41989,след,['след']
616,42826,сомнение,['сомн']
617,32583,полковник,['полк']
618,33043,понимание,['поним']
619,1040,апрель,['апрель']
620,16526,князь,['князь']
621,39889,рыба,['рыб']
622,10784,дума,['дум']
623,44589,сутки,['сутк']
624,50423,чудо,['чуд']
625,16589,кодекс,['кодекс']
626,50754,шея,['ше']
627,44455,судья,['судь']
628,18212,крыша,['кры']
629,23059,настроение,['стро']
630,33781,поток,['ток']
631,34676,преступление,['преступл']
632,10264,должность,['долж']
633,21341,мозг,['мозг']
634,50172,честь,['чес']
635,33591,пост,['пост']
636,10969,еврей,['еврей']
637,15268,июнь,['июнь']
638,43075,сотня,['сот']
639,10135,дождь,['дождь']
640,19013,лестница,['лест']
641,8984,дача,['дач']
642,47878,установка,['станов']
643,34089,появление,['явл']
644,32821,получение,['получ']
645,26062,образец,['образец']
646,46358,труба,['труб']
647,7799,главное,['глав']
648,27581,осень,['осень']
649,17667,костюм,['костюм']
650,1469,баба,['баб']
651,49699,ценность,['цен']
652,37272,пьеса,['пьес']
653,26399,обязанность,['обяз']
654,44862,таблица,['таблиц']
655,4701,вино,['вин']
656,19481,лошадь,['лошадь']
657,5688,воспоминание,['помин']
658,16727,коллега,['коллег']
659,27409,организм,['орган']
660,48176,учреждение,['учрежд']
661,48145,ученик,['уч']
662,28153,открытие,['кры']
663,45765,том,['том']
664,50136,черта,['черт']
665,49050,характеристика,['характер']
666,6754,выполнение,['полн']
667,26006,оборона,['оборон']
668,7009,выступление,['ступл']
669,45296,температура,['температур']
670,35047,приказ,['приказ']
671,31859,подруга,['друг']
672,30322,перспектива,['перспектив']
673,39310,ресторан,['ресторан']
674,11361,жертва,['жертв']
675,16122,километр,"['кило', 'метр']"
676,43426,спор,['спор']
677,4859,вкус,['вкус']
678,36277,промышленность,['промышл']
679,35024,признак,['признак']
680,684,американец,['америк']
681,19317,лоб,['лоб']
682,12218,заключение,['заключ']
683,5732,восток,['восток']
684,14933,исключение,['исключ']
685,16472,ключ,['ключ']
686,33600,постановление,['постановл']
687,42110,слой,['слой']
688,2988,бок,['бок']
689,15266,июль,['июль']
690,29663,перевод,['вод']
691,40968,секретарь,['секретарь']
692,18511,кусок,['кус']
693,42146,слух,['слух']
694,32844,польза,['польз']
695,13431,звонок,['звон']
696,26173,обстановка,['станов']
697,50259,чиновник,['чин']
698,42625,соглашение,['соглаш']
699,39859,русский,['рус']
700,9516,деталь,['деталь']
701,45627,тишина,['тиш']
702,12879,зарплата,"['зар', 'плат']"
703,46660,тюрьма,['тюрьм']
704,31336,подарок,['дар']
705,2560,билет,['билет']
706,52135,ящик,['ящик']
707,17118,конкурс,['конкурс']
708,16505,книжка,['книж']
709,14307,изучение,['уч']
710,49596,царь,['царь']
711,36603,просьба,['прось']
712,42258,смех,['сме']
713,37034,публика,['публик']
714,46989,угроза,['гроз']
715,42855,сообщение,['общ']
716,1873,беда,['бед']
717,22406,назначение,['назнач']
718,2819,блок,['блок']
719,10489,достижение,['достиж']
720,39152,реклама,['реклам']
721,33347,портрет,['портрет']
722,20177,масло,['масл']
723,43659,стакан,['стакан']
724,47731,урок,['урок']
725,49941,часы,['час']
726,17998,крик,['крик']
727,45171,телевизор,"['теле', 'виз']"
728,45129,творчество,['твор']
729,14683,инструмент,['инструмент']
730,18869,лейтенант,['лейтенант']
731,17342,концепция,['концепц']
732,51358,экран,['экран']
733,9973,дно,['дн']
734,38924,реальность,['реаль']
735,15543,канал,['канал']
736,21997,мясо,['мяс']
737,13649,знакомый,['знаком']
738,51170,щека,['щек']
739,17308,конфликт,['конфликт']
740,29714,переговоры,['говор']
741,12686,запись,['пись']
742,3722,вагон,['вагон']
743,30933,площадка,['площадк']
744,33504,последствие,['след']
745,43082,сотрудничество,['труд']
746,13539,зеркало,['зеркал']
747,45784,тон,['тон']
748,399,академия,['академи']
749,33821,потребность,['треб']
750,28998,палата,['палат']
751,25398,ноябрь,['ноябрь']
752,46813,увеличение,['велич']
753,32105,поездка,['езд']
754,10798,дурак,['дур']
755,33756,потеря,['тер']
756,48359,февраль,['февраль']
757,25567,обед,['обед']
758,47923,устройство,['строй']
759,35264,принятие,['приня']
760,29198,парк,['парк']
761,20633,мероприятие,"['мер', 'прия']"
762,4376,вещество,['вещ']
763,40946,сезон,['сезон']
764,15907,категория,['категори']
765,14089,издание,['изда']
766,8378,гостиница,['гостин']
767,45288,темнота,['тем']
768,50002,человечество,['человеч']
769,26335,объединение,"['объ', 'един']"
770,16710,колесо,['колес']
771,27112,опасность,['опас']
772,38085,разрешение,['разреш']
773,16733,коллектив,['коллектив']
774,5272,воздействие,['дей']
775,15507,камера,['камер']
776,42001,следствие,['след']
777,12633,запас,['запас']
778,9934,длина,['длин']
779,26928,округ,['круг']
780,18198,крыло,['крыл']
781,48700,фон,['фон']
782,39549,родственник,['род']
783,15559,кандидат,['кандидат']
784,35512,присутствие,['сутств']
785,8874,давление,['давл']
786,4404,взаимодействие,"['взаим', 'дей']"
787,10455,доска,['доск']
788,29269,партнер,['партнер']
789,9014,двигатель,['двиг']
790,51103,шум,['шум']
791,10496,достоинство,['досто']
792,8544,грех,['грех']
793,25286,нож,['нож']
794,32470,полет,['лет']
795,44137,страсть,['страс']
796,15081,испытание,['испыт']
797,15131,истина,['истин']
798,37959,разница,['раз']
799,27184,оплата,['плат']
800,5113,водитель,['вод']
801,42421,снижение,['ниж']
802,28983,пакет,['пакет']
803,48748,формула,['формул']
804,11408,живот,['живот']
805,15614,капитал,['капитал']
806,21637,мост,['мост']
807,51838,эффект,['эффект']
808,25273,новость,['нов']
809,8751,губернатор,['губерн']
810,6281,вход,['ход']
811,51391,эксперт,['эксперт']
812,10186,доклад,['доклад']
813,42221,смена,['мен']
814,46749,убийство,['убий']
815,30787,платье,['плать']
816,145,автобус,"['авто', 'бус']"
817,15346,кадр,['кадр']
818,45492,тетя,['тет']
819,36990,психология,"['псих', 'лог']"
820,26297,общение,['общ']
821,18764,лев,['лев']
822,36809,процедура,['процедур']
823,35777,проверка,['вер']
824,33298,порог,['порог']
825,37375,рабочий,['рабоч']
826,39226,ремонт,['ремонт']
827,26097,обращение,['обращ']
828,26243,обучение,['уч']
829,26727,ожидание,['жид']
830,29050,памятник,['памят']
831,17445,корень,['корень']
832,22046,наблюдение,['наблюд']
833,3478,буква,['букв']
834,10177,доказательство,['доказ']
835,35025,признание,['призна']
836,51004,штаб,['штаб']
837,33613,постель,['постель']
838,17021,компьютер,['компьютер']
839,4876,владелец,['влад']
840,14588,инженер,['инженер']
841,43756,старуха,['стар']
842,38198,ракета,['ракет']
843,19367,лодка,['лод']
844,41216,серия,['сери']
845,51135,шутка,['шут']
846,4267,вершина,['верш']
847,18826,лед,['лед']
848,6784,выпуск,['пуск']
849,45866,торговля,['торг']
850,18333,кулак,['кулак']
851,24981,нефть,['нефть']
852,49837,цифра,['цифр']
853,21395,молодежь,['молод']
854,23676,недостаток,['доста']
855,17540,корпус,['корпус']
856,44654,сущность,['сущ']
857,40333,сапог,['сапог']
858,44957,талант,['талант']
859,51840,эффективность,['эффект']
860,32670,полоса,['полос']
861,17707,кофе,['кофе']
862,27697,основное,['основ']
863,38587,рассмотрение,['смотр']
864,51027,штат,['штат']
865,40443,сбор,['бор']
866,41993,следователь,['след']
867,20816,мешок,['мешок']
868,11474,жилье,['жиль']
869,27169,описание,['пис']
870,18513,куст,['куст']
871,28083,отказ,['отказ']
872,12491,замок,['мок']
873,39030,редактор,['редакт']
874,9040,дворец,['двор']
875,11635,забота,['забот']
876,30486,пиво,['пив']
877,9688,диван,['диван']
878,44016,столик,['стол']
879,51384,эксперимент,['эксперимент']
880,30439,печать,['печать']
881,16830,кольцо,['кольц']
882,30616,пистолет,['пистолет']
883,36754,профессия,['професси']
884,23271,начальство,['началь']
885,5666,воспитание,['воспит']
886,5607,ворота,['ворот']
887,39435,риск,['риск']
888,10006,добро,['добр']
889,32334,покой,['покой']
890,10706,дружба,['друж']
891,26885,окончание,['конч']
892,10887,дым,['дым']
893,14600,инициатива,['иници']
894,4116,величина,['велич']
895,3205,брак,['брак']
896,12681,записка,['пис']
897,42555,совесть,['совес']
898,17666,кость,['кость']
899,481,активность,['актив']
900,43434,спорт,['спорт']
901,17892,кредит,['кредит']
902,8356,господь,['господь']
903,19787,майор,['майор']
904,33785,потолок,['потолок']
905,17295,конференция,['конференци']
906,2528,библиотека,"['библи', 'тек']"
907,32972,помощник,['мощ']
908,39880,ручка,['руч']
909,17196,конструкция,['конструк']
910,28045,отдых,['дых']
911,20693,металл,['металл']
912,21420,молоко,['молок']
913,46055,транспорт,['транспорт']
914,36187,прокурор,['кур']
915,42659,соединение,['един']
916,34072,поэзия,['поэзи']
917,38619,расстояние,['сто']
918,17818,краска,['крас']
919,41025,село,['сел']
920,20801,мечта,['мечт']
921,10998,еда,['ед']
922,31835,подразделение,['дел']
923,13586,зло,['зл']
924,44836,сюжет,['сюжет']
925,39742,рубеж,['рубеж']
926,41326,сигнал,['сигнал']
927,17949,крест,['крест']
928,1335,атмосфера,"['атмо', 'сфер']"
929,17209,контакт,['контакт']
930,4559,взрыв,['рыв']
931,41321,сигарета,['сигар']
932,4274,вес,['вес']
933,33962,почва,['почв']
934,34558,премия,['преми']
935,5735,восторг,['восторг']
936,13704,золото,['золот']
937,17512,король,['король']
938,50536,шанс,['шанс']
939,32076,подъезд,"['подъ', 'езд']"
940,19942,мальчишка,['мальч']
941,176,автомат,['автомат']
942,28885,очки,['очк']
943,12151,заказ,['заказ']
944,20831,миг,['миг']
945,51072,штука,['штук']
946,50362,чтение,['чт']
947,43642,ставка,['став']
948,33440,поселок,['сел']
949,40653,свидетель,['свиде']
950,44511,сумка,['сум']
951,47056,удивление,['дивл']
952,49116,хвост,['хвост']
953,30358,песок,['песок']
954,31163,поворот,['ворот']
955,5245,возвращение,['вращ']
956,43793,статус,['статус']
957,20365,мгновение,['мгновен']
958,26768,озеро,['озер']
959,44235,строй,['строй']
960,41556,сказка,['сказ']
961,45304,тенденция,['тенденци']
962,29151,параметр,['параметр']
963,4691,вина,['вин']
964,10908,дыхание,['дых']
965,4227,версия,['верси']
966,20228,масштаб,['масштаб']
967,49318,хозяйка,['хозяй']
968,21469,монастырь,['монастырь']
969,10567,дочка,['доч']
970,45003,танец,['танец']
971,51399,эксплуатация,['эксплуат']
972,29540,пенсия,['пенси']
973,35696,приятель,['приятель']
974,16939,коммунист,['коммун']
975,26371,объяснение,"['объ', 'ясн']"
976,22056,набор,['бор']
977,37247,пыль,['пыль']
978,36086,производитель,['производ']
979,48542,философия,"['фил', 'соф']"
980,48106,уход,['ход']
981,21721,мощность,['мощ']
982,26404,обязательство,['обяз']
983,8230,горло,['горл']
984,17996,кризис,['кризис']
985,47208,указание,['указ']
986,30761,плата,['плат']
987,51959,яблоко,['яблок']
988,34599,препарат,['препарат']
989,9235,действительность,['действительн']
990,27759,остаток,['оста']
991,21629,москвич,['москв']
992,14222,изображение,['изображ']
993,40863,сделка,['дел']
994,43154,сочинение,['сочин']
995,45007,танк,['танк']
996,32410,покупатель,['куп']
997,13157,затрата,['трат']
998,44246,строка,['строк']
999,11004,единица,['един']
